clusterNumber;ntc;cana;delta_1_deviation;delta_1_meanValue;epsilon_1_deviation;epsilon_1_meanValue;zeta_1_deviation;zeta_1_meanValue;alpha_2_deviation;alpha_2_meanValue;beta_2_deviation;beta_2_meanValue;gamma_2_deviation;gamma_2_meanValue;delta_2_deviation;delta_2_meanValue;chi_1_deviation;chi_1_meanValue;chi_2_deviation;chi_2_meanValue;NN_deviation;NN_meanValue;CC_deviation;CC_meanValue;mu_deviation;mu_meanValue;ribosePseudorotation_1;ribosePseudorotation_2;
109;BA08;B-A;0.13631021458075712;2.4225170017681297;0.16493361431346412;3.6302848441482056;0.19617500792416262;3.715805977495928;0.21153390534171274;5.248030527821749;0.15603243512829304;2.4685936940207798;0.16283921921107095;0.8552113334772214;0.15323990832510212;1.5508995733221613;0.1551597705022959;4.595626453426269;0.20490165418413428;3.7493162991342186;0.247;4.433;0.251;4.912;0.09843656981248018;0.5799729104377156;2.5897195441091863;0.8171631557837451;
110;BA16;B-A;0.07539822368615504;2.5565582883212934;0.19530234329816545;4.290542900177661;0.19565140914856435;3.3089697288560496;0.15498523757709648;1.0716321607245183;0.14172073526193954;3.9891245383582397;0.14433872913993104;3.466049361535539;0.08028514559173915;1.4795156069155933;0.1583013631558857;4.641179546903321;0.1059414855960558;3.4758232053467073;0.271;4.436;0.279;4.815;0.08482300164692441;0.5019566928735693;2.6844909224924782;0.29897490086662865;
113;OP1S;OPN;0.04084070449666731;2.5071654704898547;0.11187560505283653;3.6065483663210824;0.1165879940332212;1.0463248865706007;0.14206980111233844;1.4390239682693249;0.1096066770252439;3.5489525010052696;0.10978120995044333;3.339338457840751;0.0815068760681352;2.560398012675681;0.08185594191853407;4.23207437023585;0.08709192967451704;1.1903145498601329;0.102;7.55;0.104;6.992;0.0747000919853573;1.134813079646713;2.8487264051051446;2.9635690698863715;
114;BB1S;SYN;0.11344640137963143;2.4310691151029014;0.18360863730980345;3.4728561456183167;0.14817845349431857;4.9043751981040655;0.12775810124598494;5.343674570831039;0.14154620233674012;4.503822134771368;0.15603243512829304;5.369854509610954;0.06632251157578452;2.639461427791024;0.22549653935766736;4.143062578384139;0.08395033702092723;1.1578514257730381;0.255;6.507;0.177;6.588;0.04223696789826277;6.237981279552933;2.6567401873857683;3.1122711221562884;
115;OP20;OPN;0.10716321607245181;2.444682683268457;0.15638150097869194;4.73036587168023;0.14852751934471745;4.9371873880415595;0.19250981649497456;5.193750788084726;0.13840460968315033;3.3245031591987986;0.14049900478554353;0.9712757287348442;0.09721483933608417;2.5846580892784026;0.16022122533307945;4.534016330830869;0.1806415775814131;3.7896334048552873;0.337;8.562;0.208;7.836;0.18867009214058703;1.168672467135403;2.6932175687524498;2.9454176456656302;
116;BB02;BBw;0.09634217471008698;2.4535838624536286;0.1165879940332212;3.385066084243002;0.13631021458075712;4.3011894086148255;0.14381513036433274;0.5398303376418461;0.1970476725501598;3.4089770949953246;0.14067353771074298;5.185373207675154;0.08307767239493008;2.6188665426174915;0.14276793281313616;4.396135319923317;0.14538592669112765;4.421617127002435;0.169;4.458;0.164;5.11;0.0804596785169386;0.38117990863556156;2.8145179517660557;3.2382838941502787;
117;BB12;miB;0.13002702927357757;2.448173341772446;0.1349139511791617;3.4142130827513073;0.14119713648634125;4.880464187351744;0.12775810124598494;4.483227249597834;0.1684242728174528;1.3344787460748642;0.12007865253720987;2.9906216732922832;0.1768018532270256;2.4422392223156653;0.15463617172669758;4.693713957388351;0.12060225131280816;3.573736176383589;0.132;3.866;0.145;4.15;0.08203047484373349;0.4201007509550351;2.691821305350854;2.7515115657690603;
119;BBS1;SYN;0.08639379797371932;2.5539402944433025;0.1322959573011702;3.269699820686177;0.14154620233674012;4.789881599173238;0.16196655458507378;5.169490711482005;0.10245082709206714;2.9960321939734658;0.12740903539558604;0.8995426964778774;0.1117010721276371;2.354798226790749;0.15533430342749532;1.1119492664455872;0.18832102629018815;4.5331436662048725;0.163;3.937;0.149;4.549;0.15062191444711065;0.7857472292478472;2.949606435870417;2.583959957577605;
1209;OP11;OPN;0.11519173063162574;2.5661575992072625;0.12671090369478832;4.660378168675258;0.17174039839624203;5.253091982652533;0.1673770752662562;5.191132794206734;0.15987215948268058;3.2637657012293966;0.11484266478122689;0.9948376736367678;0.056897733615015135;1.4652039070492398;0.19739673840055869;4.0933206947023;0.1989675347273536;3.4426619495588153;0.367;8.882;0.31;7.801;0.14608405839192537;1.9226547039969533;2.8450612136759568;0.20280725908174108;
121;AB1S;SYN;0.061086523819801536;1.5781267096532727;0.05707226654021458;3.730117677362281;0.07522369076095559;4.8886672348361175;0.07819075048934597;5.1474995629068765;0.07923794804054256;3.0709068188840223;0.0635299847725936;0.971973860435642;0.08429940287132612;2.4212952712917333;0.07696902001294993;4.165402792809667;0.09285151620609834;1.1854276279545486;0.076;5.433;0.089;6.069;0.03508111796508602;0.01832595714594046;0.5665338751973594;2.549576971313317;
122;BB2S;SYN;0.06527531402458793;2.3436281195779856;0.07661995416255106;3.3892548744477886;0.12007865253720987;3.9002872794317285;0.21450096507010308;0.8047713180945854;0.15219271077390553;3.1485739705977704;0.10646508437165408;5.060931232007958;0.06475171524898962;2.5398031275021484;0.10646508437165408;4.384790679785354;0.09826203688728076;1.156978761147041;0.298;6.003;0.256;6.214;0.05358160803622591;6.254910973297277;2.546958977435325;2.9462903102916274;
1221;OP03;OPN;0.04293509959906051;1.3569934934255912;0.07976154681614087;3.9474111692355747;0.11292280260403312;5.2441908034673625;0.1642354826126664;3.050660999560888;0.11990411961201045;2.4082053019017757;0.11798425743481668;0.888896188040712;0.05253441048502932;1.4603169851436557;0.09651670763528641;3.4789647980002973;0.15917402778188283;3.39483992805417;0.237;7.521;0.235;7.458;0.14119713648634125;3.5276594841309388;0.3050835532486088;0.29897490086662865;
123;ZZ1S;ZZZ;0.06300638599699529;2.56685573090806;0.08901179185171079;4.5849799449891036;0.07696902001294993;1.3281955607676845;0.06963863715457375;1.1564551623714427;0.0651007810993885;3.2454397440834555;0.07068583470577033;3.1127947209318867;0.08377580409572781;1.668883830756978;0.1223475805648025;3.6053266358446865;0.10663961729685353;1.0641272449409427;0.098;6.389;0.087;6.264;0.10035643198967394;6.264335751258048;2.7234117648119516;0.47211156266446613;
124;ZZS1;ZZZ;0.10210176124166827;1.6954128353872915;0.11239920382843484;4.249178596905395;0.13962634015954636;5.110324049839397;0.12112585008840647;3.6681584889164824;0.17121679962064373;4.031186973331303;0.09965830028887622;0.9711011958096449;0.08970992355250852;2.514321320423031;0.08517206749732328;1.1032226201856157;0.10559241974565695;3.5876988103995435;0.11;5.663;0.138;6.782;0.0582939970166106;5.792398721518781;0.546637121724624;2.6752406774569084;
1241;IC01;ICL;0.06335545184739416;1.4444344889505074;0.17296212887263807;3.8343138337063425;0.136659280431156;5.054298980850378;0.13212142437597077;5.186769471076748;0.1816887751326097;3.888942639293765;0.13753194505715316;0.9491100472345164;0.09704030641088471;2.5338690080453676;0.15603243512829304;3.5424947827728905;0.13857914260834978;4.9462631001519295;0.254;7.245;0.225;7.535;0.19600047499896323;0.1850049007113989;0.30839967882739805;2.7797858996513685;
126;ZZS2;ZZZ;0.038397243543875255;1.6557938613670204;0.11152653920243764;3.257657048847416;0.12636183784438945;1.1180579188275674;0.10105456369047167;2.9441959151892343;0.1340412865531645;2.824640861427623;0.08779006137531478;0.7686430025783026;0.044331363000655974;2.4932028364738996;0.07120943348136864;0.9815731713216109;0.08203047484373349;3.7110935885155425;0.145;5.675;0.128;6.737;0.06335545184739416;5.749987220695319;0.49253191491279974;2.6755897433073073;
1267;OP18;OPN;0.0582939970166106;2.6007151183967503;0.11798425743481668;5.075766530649909;0.14032447186034408;1.8472564803107985;0.1457349925415265;1.146506785635075;0.1392772743091475;3.46255870303155;0.12566370614359174;0.9520771069629066;0.06981317007977318;2.569473724786052;0.14364059743913332;3.920533098754862;0.1837831702350029;4.22910731050746;0.322;8.591;0.242;6.536;0.18430676901060122;4.015479010063354;2.8989918875625813;2.8391270942191755;
127;ZZ2S;ZZZ;0.0841248699461267;2.465103035516791;0.1090830782496456;4.587074340091497;0.10524335389525807;1.2402309664671707;0.11554079648202462;1.3569934934255912;0.12496557444279399;3.139847324337799;0.08709192967451704;3.225193924760321;0.11938052083641214;2.5616197431520775;0.114493598930828;3.6323792392505987;0.08203047484373349;1.3365731411772575;0.129;6.366;0.131;6.238;0.12287117934040079;6.2111032090722205;2.665117767795341;2.9199358385865133;
13;AA02;AAA;0.10175269539126942;1.5357152088298105;0.15707963267948966;3.5320228072609248;0.18099064343181195;4.784820144342453;0.10733774899765128;5.11835256439857;0.13212142437597077;2.8023006470020957;0.08970992355250852;0.9403834009745448;0.10053096491487339;1.539903999034597;0.13334315485236678;4.273264140582916;0.12269664641520137;4.287226774598871;0.125;4.668;0.147;5.219;0.09983283321407564;0.3120648702565861;0.8026769229921922;0.6297147941195541;
13025;AA06;AAw;0.07661995416255106;1.3981832637726574;0.19826940302655582;3.7384952577718535;0.15428710587629874;4.468566483881081;0.17400932642383465;2.3640484718263193;0.14329153158873445;3.99488412488982;0.19320794819577228;3.142814384066189;0.06963863715457375;1.4233160050013756;0.1425933998879367;3.4206708009836864;0.14765485471872028;3.1459559767197787;0.27;4.585;0.251;5.156;0.1303760951239764;0.2727949620867137;0.2871066619530672;0.18413223608540177;
1313;AA05;AAw;0.06667157742618339;1.4358823756157348;0.15969762655748115;3.7309903419882784;0.14643312424232427;5.071228674594724;0.15847589608108512;2.4389230967368762;0.20420352248333654;3.932226804743225;0.17243853009703977;3.185051351964452;0.05253441048502932;1.4824826666439832;0.17523105690023066;3.6393605562585765;0.10053096491487339;3.214023817547558;0.224;4.327;0.182;4.829;0.17400932642383465;0.9873327578531922;0.2282890661608583;0.13421581947836395;
1500;OP22;OPN;0.06370451769779302;2.5684265272348554;0.16929693744344995;4.270995212555324;0.23212879051524585;2.1919590075796784;0.19093902016817965;4.989547265601389;0.13962634015954636;2.81940487367164;0.1265363707695889;0.8508480103472356;0.09058258817850572;2.4774948732059507;0.11257373675363426;4.06888608517438;0.14189526818713902;4.029790709929707;0.376;6.926;0.303;6.437;0.14241886696273728;0.7737044574090862;2.894104965656997;2.767568594887408;
1502;OP24;OPN;0.05235987755982988;2.5776767722704252;0.15865042900628457;4.965112656073469;0.21572269554649914;1.6816247342965362;0.1499237827463129;1.4299482561589543;0.18919369091618532;4.32457682059155;0.12374384396639797;3.3103659922576445;0.044331363000655974;1.4751522837856073;0.19146261894377795;4.224743987377474;0.1270599695451872;3.2293827149651078;0.316;5.212;0.184;3.975;0.1202531854624093;1.5884241522400395;2.8218483346244323;0.08831366015091306;
1503;IC07;ICL;0.04729842272904633;1.4711380265060205;0.14870205226991687;3.6416294842861685;0.12740903539558604;5.087285703713072;0.12810716709638378;3.069161489632028;0.10070549784007281;2.216917215883197;0.07749261878854824;3.09342156623475;0.03577924966588375;1.448448746230094;0.20943951023931953;3.806214032749234;0.07522369076095559;3.5529667582848568;0.303;7.517;0.325;7.354;0.13212142437597077;5.814913468869508;0.2851867997758734;0.3153809958353754;
1507;OP28;OPN;0.0466002910282486;1.4393730341197235;0.2017600615305445;3.9357174632472134;0.10175269539126942;2.900562683889376;0.1445132620651305;5.091823559768257;0.12479104151759457;2.78240389352936;0.07208209810736581;0.7534586380859521;0.10140362954087054;2.524269697159399;0.07382742735936014;3.4250341241136724;0.26162485487395;4.063301031567998;0.194;8.573;0.235;7.922;0.14590952546672592;4.109726789671048;0.3153809958353754;2.7954938629193173;
1508;OP30;OPN;0.054279739737023644;1.4332643817377433;0.13980087308474579;4.264188428472545;0.15132004614790837;3.4159584120033015;0.2307325271136504;1.3185962498817159;0.06527531402458793;2.992017936693879;0.09756390518648302;0.8616690517096005;0.05672320068981571;1.5613715488341273;0.049043751981040655;3.437775027653231;0.10925761117484502;3.160267676586132;0.153;10.477;0.097;9.675;0.034033920413889425;1.4058627124814325;0.30717794835100204;0.11466813185602746;
1512;OP25;OPN;0.12304571226560024;2.5329963434193705;0.16179202165987433;4.548153497772023;0.16144295580947549;3.10563887099871;0.2124065699677099;1.651954137012633;0.11868238913561441;3.6398841550341743;0.08936085770210968;1.1072368774652026;0.06946410422937431;1.5006340908647247;0.18430676901060122;4.942074309947144;0.14206980111233844;3.347890571175523;0.336;8.071;0.224;7.209;0.0958185759344887;4.535936193008062;2.7776915045489754;0.25883232807075907;
1513;OP26;OPN;0.15393804002589986;2.529505684915382;0.1684242728174528;4.6335000981945464;0.20193459445574394;2.810852760336868;0.1785471824790199;3.681946590007238;0.23003439541285262;2.899515486338179;0.13700834628155484;0.8684758357923783;0.05131268000863328;1.4163346879933985;0.15358897417550102;4.188615671861191;0.17348572764823633;3.331309943281577;0.332;6.959;0.268;6.921;0.1439896632895322;0.2741912254883092;2.832320310136398;0.21293016874330817;
1516;OP23;OPN;0.05637413483941684;2.5733134491404392;0.18483036778619952;4.53995045028765;0.18832102629018815;2.9286624848464853;0.14364059743913332;4.742583176444192;0.09564404300928928;1.4048155149302357;0.09651670763528641;3.0576423165688658;0.05672320068981571;2.5987952562195566;0.10890854532444616;3.850719928675089;0.13072516097437528;4.51219971518094;0.307;6.978;0.2;5.49;0.11885692206081383;1.051386341401384;2.798111856797309;2.778389636249773;
1517;OP31;OPN;0.05183627878423159;1.4433872913993104;0.14241886696273728;3.737448060220657;0.10349802464326374;1.1145672603235788;0.21101030656611444;1.1704177963873974;0.18029251173101427;1.8142697574481057;0.2288126649364566;3.232873373469096;0.05113814708343386;1.4254104001037688;0.17627825445142728;3.671649147420471;0.09634217471008698;3.248406803811846;0.395;9.618;0.137;9.301;0.1377064779823526;0.9688322677820522;0.29181905093345184;0.22183134792847928;
1520;ZZ02;ZZZ;0.09477137838329208;2.51467038627343;0.13369222070276562;4.701393406097125;0.07382742735936014;1.3660692055359616;0.18605209826259553;3.9887754725078404;0.17174039839624203;3.0473448739820994;0.1265363707695889;0.9623745495496733;0.019547687622336492;1.5074408749475026;0.1647590813882647;4.051607325579637;0.1282817000215832;4.832118567071501;0.52;6.217;0.485;6.198;0.2075196480621258;1.061334718137752;2.787988947135742;0.199142067652553;
1522;OP27;OPN;0.10367255756846318;2.7375489317531057;0.15498523757709648;4.539426851512051;0.14590952546672592;1.2356931104119853;0.2033308578573394;1.6151276897955529;0.1694714703686494;2.8281315199316115;0.12985249634837814;2.971073985669947;0.057246799465414;1.432217184186547;0.10437068926926091;3.687008044838021;0.07033676885537149;3.4100242925465207;0.156;8.093;0.141;7.461;0.1392772743091475;0.06178465552059926;3.0277971863597624;0.41015237421866746;
1526;OP29;OPN;0.03665191429188092;1.4295991903085552;0.15184364492350666;4.237833956767432;0.0932005820564972;4.4320891025144;0.14294246573833558;1.250004810278339;0.09354964790689607;3.2412509538786693;0.13892820845874862;1.0281734623498595;0.06335545184739416;1.4936527738567473;0.18936822384138477;3.6051521029194875;0.1499237827463129;3.232175241768299;0.177;9.564;0.13;8.566;0.17139133254584316;2.5082126680410513;0.33335788713091696;0.18570303241219668;
19;AA01;AAw;0.07993607974134029;1.4217452086745808;0.1382300767579509;3.439345823980026;0.11868238913561441;5.079257189153897;0.15550883635269475;2.600540585471551;0.14870205226991687;3.3512066967543115;0.1174606586592184;3.1848768190392525;0.08290313946973064;1.490685714128357;0.11379546723003027;3.563962332572421;0.08848819307611251;3.278077401095749;0.261;4.716;0.233;5.275;0.10088003076527224;0.23858650874762483;0.30141836181942067;0.19687313962496036;
201;OP21;OPN;0.08517206749732328;2.6071728366291294;0.11990411961201045;4.2273619812554655;0.12688543661998775;1.3880603541110903;0.1726130630222392;1.1646582098558163;0.09250245035569946;3.097784889364736;0.14538592669112765;1.0906562495712566;0.1244419756671957;2.512226925320638;0.19530234329816545;3.9838885506022566;0.14224433403753786;4.257032578539369;0.205;10.261;0.104;8.237;0.20961404316451898;4.26907535037813;2.9311059457992767;2.8665287634754866;
207;OP19;OPN;0.07871434926494426;2.528807553214584;0.11676252695842064;3.9334485352196205;0.10838494654884787;1.1218976431819552;0.18413223608540177;1.2910200477002054;0.09389871375729493;3.249977600138641;0.12985249634837814;3.285233251028926;0.06946410422937431;2.19143540880408;0.14503686084072878;4.358610741005439;0.1223475805648025;4.443433742652363;0.29;8.031;0.211;7.348;0.10035643198967394;0.3556981015564444;2.8585002489163127;2.347816909782772;
209;BB14;miB;0.15603243512829304;1.9146261894377794;0.15865042900628457;1.816538685475698;0.12287117934040079;5.326570344161494;0.1699950691442477;3.832917570304747;0.11274826967883368;4.454952915715526;0.10681415022205297;1.4418164950725156;0.18727382873899157;2.317971779573669;0.1551597705022959;4.514468643208533;0.19634954084936207;4.623028122682579;0.186;4.332;0.176;4.854;0.11047934165124106;0.49864056729477996;2.1120229278383382;2.5532421627425044;
210;AB02;A-B;0.1583013631558857;1.6367697725202823;0.1621410875102732;1.0239846721450732;0.1663298777150596;0.971973860435642;0.21519909677090085;3.625572455167821;0.16894787159305108;3.2887239095329153;0.13177235852557187;1.1470303844106733;0.1682497398922534;2.2778292067777994;0.19617500792416262;4.168369852538057;0.15271630954950383;4.3706535128442;0.201;4.353;0.2;4.811;0.1059414855960558;0.4064871827894793;1.1281808284891346;2.5127505240962362;
211;BB15;miB;0.1494001839707146;2.5054201412378605;0.1282817000215832;3.3011157472220747;0.15114551322270892;4.479911124019045;0.19320794819577228;6.017720727951249;0.17470745812463237;3.295705226540893;0.18535396656179778;6.1119685075589425;0.12130038301360589;2.5754078442428328;0.16859880574265224;4.361577800733829;0.1434660645139339;4.57974395723312;0.19;4.374;0.196;4.999;0.07871434926494426;0.3900810878207327;2.9363419335552603;3.052580861738082;
2141;BA13;B-A;0.12199851471440365;2.4675464964695832;0.11292280260403312;3.8378044922103314;0.17575465567582899;3.49659262344544;0.17453292519943295;1.4290755915329567;0.14521139376592823;4.029790709929707;0.14119713648634125;3.4255577228892706;0.11205013797803595;1.5320500174006226;0.1425933998879367;4.620410128804589;0.10140362954087054;3.4452799434368067;0.166;4.154;0.204;4.601;0.06597344572538565;0.5403539364174444;2.628814919353859;0.23561944901923448;
2144;BB08;BB2;0.10576695267085637;2.566332132132462;0.20367992370773824;4.344648106989484;0.1795943800302165;3.158347814408939;0.14590952546672592;1.1571532940722404;0.19338248112097173;3.9287361462392356;0.18622663118779495;3.639186023333376;0.17889624832941875;2.588148747782391;0.1492256510455152;4.716228704739078;0.20996310901491783;4.0996038800094805;0.209;4.691;0.229;5.065;0.1673770752662562;0.5194099853935126;2.814168885915657;2.968281458866756;
2146;BB05;B12;0.1096066770252439;2.476971274430352;0.130201562198777;3.8385026239111295;0.15847589608108512;3.445105410511607;0.15550883635269475;1.3334315485236679;0.11065387457644049;4.069235151024779;0.14049900478554353;3.7219146298779076;0.16929693744344995;2.2521728667734826;0.18186330805780915;4.6443211395569115;0.1514945790731078;3.63813882578218;0.167;4.189;0.177;4.685;0.05759586531581287;0.5024802916491674;2.639112361940626;2.5106561289938427;
216;BA17;B-A;0.15236724369910498;2.605427507377135;0.17470745812463237;4.4198717977504405;0.17191493132144145;3.081204261470789;0.165282680163863;5.146975964131277;0.15114551322270892;2.2818434640573866;0.12618730491919003;0.7717845952318925;0.15132004614790837;1.7058848108992575;0.17086773377024486;4.732634799707824;0.1478293876439197;4.059112241363212;0.237;4.548;0.226;4.894;0.16249015336067207;0.6665412413366344;2.737897997603505;1.3861404919338964;
2171;BB16;BBw;0.13945180723434694;2.4008749190433996;0.20263272615654165;3.851592593301086;0.16371188383706814;4.926017280828796;0.14329153158873445;4.963192793896274;0.1754055898254301;3.011216558465817;0.11135200627723822;0.830427658098902;0.11117747335203879;2.441366557689668;0.15463617172669758;3.563613266722022;0.2209586833024821;4.714134309636685;0.235;4.897;0.17;5.459;0.12583823906879116;0.5708971983273452;2.916445180082525;2.6937411675280485;
21712;IC06;ICL;0.20245819323134223;2.382548961897459;0.16266468628587152;4.120547831033413;0.16615534478986016;4.892157893340106;0.20786871391252465;5.023581186015278;0.15062191444711065;3.0396654252733244;0.1773254520026239;0.8213519459885316;0.15865042900628457;2.4745278134775606;0.14521139376592823;3.6128315516282616;0.12845623294678266;4.702266070723122;0.203;6.211;0.131;6.232;0.0804596785169386;0.6897541203881591;2.744530248761083;2.627593188877463;
218;BB10;miB;0.1181587903600161;2.408903433602574;0.1850049007113989;3.4175292083300968;0.16283921921107095;3.3428291163447392;0.19024088846738194;0.3830997708127553;0.1525417766243044;1.8568557911967674;0.16982053621904827;0.330565360327726;0.1457349925415265;2.255838058202671;0.1876228945893904;4.489684967830214;0.17174039839624203;4.4991097457909826;0.238;4.389;0.238;4.874;0.12845623294678266;0.44907321653814103;2.6677357616733324;2.498962423005481;
219;BB11;BBw;0.11135200627723822;2.5364870019233594;0.18535396656179778;3.4793138638506957;0.17208946424664087;3.4953708929690444;0.21676989309769573;2.1462313811774267;0.1832595714594046;3.957534078897142;0.1630137521362704;3.270223419461775;0.12007865253720987;2.5117033265450397;0.19058995431778078;4.473802471637065;0.16720254234105678;3.885102914939377;0.293;4.648;0.281;5.138;0.13857914260834978;0.5146975964131277;2.8660051646998883;2.9178414434841202;
2191;BA10;B-A;0.1715658654710426;2.3774875070666757;0.131423292675173;3.493974629567448;0.2235766771804736;4.115486376202629;0.19826940302655582;1.6610298491230036;0.2284635990860577;3.8179077387375955;0.15358897417550102;3.578972164139572;0.14713125594312196;1.5639895427121187;0.16196655458507378;4.430518306187605;0.14486232791552936;3.4990360843982318;0.169;3.988;0.192;4.426;0.0841248699461267;0.49218284906240095;2.6424284875194153;0.4375540434749784;
220;BB13;miB;0.13857914260834978;2.487966848717917;0.17208946424664087;3.2716196828633706;0.17174039839624203;5.11538550467018;0.18099064343181195;3.827157983773166;0.17523105690023066;1.711644397430839;0.11868238913561441;2.8136452871400586;0.14905111812031574;2.5424211213801393;0.17383479349863523;4.4156830075456535;0.13473941825396224;3.814766146084006;0.212;4.359;0.204;4.86;0.09826203688728076;0.4312708581677988;2.9167942459329237;3.1026718112703198;
221;BB03;BBw;0.10297442586766545;2.5319491458681735;0.13107422682477415;3.057467783643667;0.12775810124598494;4.790056132098437;0.2193878869756872;2.8410469563963696;0.16755160819145562;2.889043510826214;0.14276793281313616;3.0482175386080965;0.11205013797803595;2.5523694981165077;0.1837831702350029;4.2095596228851235;0.1551597705022959;4.06591902544599;0.28;4.512;0.273;5.211;0.08203047484373349;0.4663519761328848;3.1532863595781544;3.0288443839109593;
325;BA05;B-A;0.1986184688769547;2.2933626371205493;0.09878563566287904;3.2176890089767465;0.09197885158010115;4.690921430585159;0.14067353771074298;5.164603789576421;0.08220500776893291;2.9464648432168272;0.11780972450961724;0.9129817317182339;0.12077678423800761;1.8193312122788892;0.1303760951239764;4.378158428627775;0.14486232791552936;4.108505059194652;0.1;4.106;0.094;4.643;0.07819075048934597;0.42184608020702946;2.5953045977155678;1.7666222688686604;
326;BA01;B-A;0.06405358354819189;2.374694980263485;0.06981317007977318;3.2932617655881007;0.09878563566287904;4.448320664557948;0.09442231253289324;5.227959241423815;0.09913470151327791;2.818357676120443;0.061261056745000965;0.9299114254625788;0.056025068989017976;1.536762406381007;0.11903145498601327;4.4319145695892015;0.07836528341454539;3.932226804743225;0.167;4.161;0.168;4.681;0.11379546723003027;0.5134758659367318;2.721142836784359;1.0602875205865552;
35;BA09;B-A;0.10681415022205297;2.3403119939991965;0.0916297857297023;3.4885641088862656;0.10559241974565695;5.006826025196133;0.11588986233242347;4.475198735038661;0.17767451785302274;1.1901400169349332;0.13631021458075712;2.996555792749064;0.1174606586592184;1.575334182850082;0.12042771838760874;4.6167449373754;0.11344640137963143;3.2471850733354506;0.17;3.807;0.19;3.954;0.06946410422937431;0.39671333897831107;2.4701644903475746;0.630063859969953;
41;AB01;A-B;0.05811946409141117;1.5058700786207073;0.12304571226560024;3.2503266659890397;0.12863076587198208;4.907167724907257;0.1244419756671957;5.253441048502932;0.12461650859239512;3.1159363135854763;0.11327186845443199;0.9503317777109126;0.06632251157578452;2.475225945178358;0.14154620233674012;3.888069974667768;0.13386675362796507;4.4671702204794865;0.197;4.688;0.22;5.282;0.10088003076527224;0.30927234345339516;0.8890707209659113;2.8354619027899877;
410;AB03;A-B;0.12217304763960307;1.7980381954045583;0.14014993893514466;3.3981560536329596;0.10018189906447451;4.442037479250768;0.16894787159305108;5.593780252641826;0.16179202165987433;2.8204520712228365;0.1605702911834783;0.7000515629749255;0.14887658519511632;2.378709237543071;0.16126842288427604;3.9875537420314444;0.14800392056911915;4.467868352180284;0.255;4.578;0.264;5.131;0.10402162341886204;0.39322268047432246;1.7006488231432746;2.6677357616733324;
50;BB01;BBB;0.16510814723866357;2.282017996982586;0.12671090369478832;3.158173281483739;0.09704030641088471;4.634721828670942;0.13281955607676849;5.260422365510909;0.09599310885968812;3.0756192078644076;0.11466813185602746;0.848579082319643;0.06998770300497262;2.097013096271187;0.12671090369478832;4.320038964536365;0.10105456369047167;4.256508979763771;0.167;4.303;0.15;4.853;0.06527531402458793;0.44628068973495005;2.5949555318651694;2.2331487779267447;
54;BB00;BBB;0.10122909661567112;2.405412775098585;0.15690509975429023;3.195872393326817;0.17627825445142728;4.506091062798959;0.15812683023068627;5.300914004157178;0.16859880574265224;3.1344368036566164;0.10402162341886204;0.7719591281570918;0.08744099552491591;2.4109978287049665;0.154810704651897;4.4078290259116795;0.17139133254584316;4.507312793275355;0.239;4.373;0.239;4.947;0.10192722831646885;0.4457570909593517;2.7570966193754423;2.677160539634102;
552;AA08;AAA;0.07871434926494426;1.4346606451393389;0.15271630954950383;4.074645671705961;0.12461650859239512;4.795815718630019;0.16912240451825053;5.339311247701053;0.10559241974565695;2.6644196360945434;0.16598081186466074;0.9663888068292602;0.06161012259539983;1.3882348870362897;0.1583013631558857;3.3053045374268613;0.12740903539558604;3.4369023630272335;0.236;4.602;0.239;5.36;0.14713125594312196;0.40194932673429407;0.18011797880581482;0.2865830631774689;
55412029;AA07;AAu;0.05567600313861911;1.4402456987457208;0.21293016874330817;4.247084201803002;0.1733111947230369;3.7681658550557575;0.19093902016817965;5.161287663997632;0.20245819323134223;2.507863602190652;0.12391837689159739;0.919963048726211;0.06597344572538565;1.4372786390173302;0.17034413499464657;3.5505232973320644;0.21781709064889232;3.544938243725683;0.314;6.805;0.336;6.815;0.18936822384138477;6.023305781557631;0.2986258350162298;0.25185101106278174;
5542;OP07;OPN;0.07173303225696695;1.4309954537101508;0.22619467105846514;4.31811910235917;0.12531464029319286;3.383146222065809;0.21013764194011728;5.1094513852134;0.07487462491055674;2.60088965132195;0.12287117934040079;0.7627088831215221;0.06387905062299247;1.413018562414609;0.1759291886010284;3.429048381393259;0.08395033702092723;3.2724923474893677;0.232;7.758;0.164;7.506;0.19390607989657;5.652597848434035;0.29112091923265415;0.19128808601857855;
5548;AA12;AAu;0.06597344572538565;1.4376277048677293;0.18448130193580062;3.4510395299683876;0.16615534478986016;4.551818689201212;0.15550883635269475;5.206491691624285;0.1795943800302165;3.0754446749392086;0.12077678423800761;0.8665559736151845;0.056897733615015135;1.413716694115407;0.1551597705022959;3.501479545351024;0.1282817000215832;3.439869422755624;0.259;6.245;0.212;6.354;0.16755160819145562;6.184574204441907;0.2638937829015426;0.24783675378319478;
5549;AA13;AAu;0.04991641660703782;1.4475760816040968;0.16615534478986016;3.3163001117144253;0.1907644872429802;4.205196299755138;0.22636920398366453;5.350655887839015;0.1923352835697751;3.0309387790133524;0.19722220547535924;0.87720248205235;0.07504915783575616;1.441118363371718;0.14224433403753786;3.485422516232676;0.1827359726838063;3.349635900427517;0.234;7.277;0.189;6.925;0.1319468914507713;5.985606669714553;0.2822197400474831;0.2197369528260861;
556;OP01;OPN;0.05619960191421742;1.4421655609229143;0.19600047499896323;3.8561304493562716;0.16598081186466074;2.129301687433082;0.16667894356545848;4.8736574032689655;0.13543754995475998;2.522000769131806;0.13212142437597077;0.7815584390430608;0.05044001538263612;1.4264575976549656;0.1942551457469689;3.5718163142063952;0.07958701389094142;3.3786083660106234;0.235;8.281;0.271;7.39;0.18133970928221083;3.409151627920524;0.29897490086662865;0.2892010570554604;
55712229;OP04;OPN;0.044331363000655974;1.3981832637726574;0.12688543661998775;3.8543851201042774;0.11205013797803595;4.969475979203455;0.15777776438028737;2.894104965656997;0.13683381335635542;2.991843403768679;0.11780972450961724;0.9126326658678349;0.04817108735504349;1.4809118703171884;0.09896016858807849;3.5932838640059255;0.1233947781159991;3.392745532951777;0.237;7.243;0.204;7.147;0.09267698328089889;3.5950291932579197;0.3118903373313867;0.23544491609403506;
560;OP05;OPN;0.10611601852125523;1.3686871994139531;0.10681415022205297;3.5683256557024063;0.19390607989657;0.878424212528746;0.18919369091618532;1.204451716801287;0.14119713648634125;2.2012092526152487;0.08883725892651137;0.7922049474802262;0.0715584993317675;1.4730578886832142;0.13421581947836395;3.5081117965086026;0.12095131716320703;3.2580061146978148;0.458;9.111;0.197;8.922;0.11990411961201045;4.604178566761042;0.34697145529647266;0.27523842303950574;
615;AB05;A-B;0.046076692252650306;1.4493214108560915;0.14817845349431857;3.7274996834842895;0.15585790220309362;5.0167744019325005;0.1694714703686494;5.289220298168816;0.16912240451825053;3.0768409383408035;0.1153662635568252;1.0177014868378935;0.0486946861306418;2.538581397025752;0.15463617172669758;3.4234633277868776;0.15446163880149816;4.168544385463257;0.311;4.82;0.27;5.73;0.20699604928652748;0.29112091923265415;0.3036872898470133;2.8174850114944463;
616;AB04;A-B;0.08691739674931762;1.5114551322270893;0.15690509975429023;3.743905778453036;0.14713125594312196;5.186420405226349;0.15428710587629874;4.880464187351744;0.17575465567582899;3.646341873266553;0.1218239817892042;0.9655161422032631;0.16371188383706814;2.4268803248981152;0.21729349187329403;3.3789574318610223;0.18517943363659836;4.073773007079964;0.353;5.582;0.325;6.572;0.12915436464758037;0.13683381335635542;0.24329889772800953;2.735978135426311;
6162;IC02;ICL;0.06161012259539983;1.4292501244581564;0.182212373908208;3.88126319058499;0.16493361431346412;4.877148061772955;0.18430676901060122;5.217836331762247;0.18133970928221083;3.923151092632854;0.15062191444711065;0.9147270609702279;0.11152653920243764;2.5010568181078745;0.11030480872604163;3.5156167122921778;0.22479840765686968;4.250400327381791;0.249;7.659;0.262;7.847;0.20734511513692636;0.032812189937493394;0.30176742766981957;2.7539550267218527;
6181193;OP09;OPN;0.06161012259539983;1.4297737232337548;0.15393804002589986;3.453657523846379;0.15533430342749532;4.689699700108763;0.1998401993533507;3.5416221181468934;0.13473941825396224;2.5595253480496845;0.15969762655748115;0.8967501696746865;0.1054178868204575;2.5809928978492143;0.2165953601724963;3.554712087536851;0.1382300767579509;4.3617523336590285;0.21;7.817;0.162;6.722;0.16598081186466074;2.8373817649671813;0.2759365547403035;2.852566129459532;
6651126;AB2S;SYN;0.053407075111026485;1.4617132485452509;0.187448361664191;3.844960342143508;0.14590952546672592;5.001240971589752;0.15725416560468908;5.354844678043802;0.13700834628155484;2.983116757508708;0.12583823906879116;0.9171705219230202;0.08115781021773633;2.4390976296620757;0.13648474750595657;3.5376078608673063;0.10890854532444616;1.2116075667344637;0.217;4.782;0.166;5.656;0.2017600615305445;0.18465583486100007;0.38484510006474965;2.6124088243851125;
702;AA09;AAA;0.052883476335428184;1.5196581797114623;0.1349139511791617;4.0411353500676706;0.15742869852988853;4.747644631274975;0.1530653753999027;5.264960221566095;0.1165879940332212;2.694613832154045;0.13334315485236678;0.9117600012418378;0.04991641660703782;1.4842279958959779;0.11362093430483085;3.781430357370914;0.10768681484805012;4.066966222997187;0.202;4.705;0.19;5.444;0.09704030641088471;0.42586033748661634;0.33039082740252657;0.3600614246864302;
705;OP02;OPN;0.02565634000431664;1.4503686084072875;0.12112585008840647;3.951774492365561;0.15638150097869194;2.724633495288348;0.1998401993533507;5.088332901264269;0.20891591146372127;2.779960432576568;0.14241886696273728;0.7489207820307667;0.061435589670200394;1.5067427432467044;0.07103490055616922;3.6114352882266663;0.09896016858807849;3.077888135892;0.307;8.979;0.352;8.25;0.1647590813882647;4.5289548760000855;0.31154127148098787;0.10175269539126942;
7052;OP06;OPN;0.03787364476827695;1.4245377354777717;0.17453292519943295;3.7098718580391465;0.21746802479849348;2.4876177828675177;0.13980087308474579;5.251346653400539;0.18360863730980345;3.0028389780562437;0.1494001839707146;0.8326965861264946;0.038571776469074684;1.4084807063594238;0.1439896632895322;3.565358595974016;0.2090904443889207;3.509158994059799;0.294;10.121;0.32;8.983;0.21642082724729686;4.2472587347282005;0.3843215012891513;0.29513517651224114;
72512018;OP12;OPN;0.09965830028887622;2.4654521013671897;0.13910274138394804;4.494048290960199;0.1754055898254301;4.981693283967415;0.18360863730980345;4.805240496590788;0.14416419621473162;3.2079151651655775;0.1439896632895322;0.7459537223023764;0.05864306286700947;1.4440854231001083;0.17889624832941875;4.1444588417857355;0.11292280260403312;3.338116727364355;0.397;7.506;0.238;7.268;0.1850049007113989;1.2676326357234813;2.768266726588206;0.2267182698340634;
726120109;OP16;OPN;0.11623892818282235;2.5738370479160375;0.1839577031602023;4.681322119699191;0.16929693744344995;2.612583357310312;0.2284635990860577;5.387831400906495;0.17837264955382048;3.0981339552151343;0.14521139376592823;0.8286823288469076;0.04276056667386108;1.395914335745065;0.19634954084936207;4.000643711421402;0.16196655458507378;3.3985051194833584;0.385;8.859;0.335;7.409;0.19198621771937624;1.759291886010284;2.8405233576207713;0.2659881780039358;
727;OP10;OPN;0.09145525280450287;2.5596998809748834;0.13543754995475998;3.798883649890858;0.16598081186466074;2.657787384936965;0.12391837689159739;5.039987280984025;0.09896016858807849;3.045599544730105;0.11676252695842064;0.6914994496401533;0.054279739737023644;1.5193091138610637;0.10279989294246601;4.319689898685966;0.11990411961201045;3.2461378757842536;0.199;7.753;0.166;7.344;0.12863076587198208;0.6284930636431579;2.7487190389658696;0.02199114857512855;
728;OP15;OPN;0.09791297103688189;2.5937338013887734;0.1694714703686494;3.49973421609903;0.20612338466053032;2.641206757043019;0.11397000015522972;5.102819134055821;0.11205013797803595;2.592686603837577;0.13281955607676849;0.7197737835224615;0.0804596785169386;1.4924310433803514;0.18029251173101427;4.618141200776996;0.11571532940722405;3.285233251028926;0.262;6.91;0.246;6.611;0.2162462943220974;0.3893829561199349;2.8508208002075377;0.2515019452123829;
73112148;OP13;OPN;0.08342673824532895;2.553591228592903;0.16929693744344995;4.671373742962823;0.15917402778188283;4.332605335150723;0.18308503853420516;1.0822786691616837;0.16563174601426187;2.6782077371852986;0.15184364492350666;0.817512221634144;0.05585053606381855;1.4981906299119325;0.19006635554218249;4.176572900022431;0.15027284859671175;3.2531191927922305;0.168;10.499;0.154;8.914;0.14102260356114182;3.2899456400093112;2.816786879793648;0.19146261894377795;
73112149;OP14;OPN;0.11676252695842064;2.5785494368964224;0.17994344588061537;4.703662334124719;0.2155481626212997;3.967831521483909;0.19669860669976091;1.010196571054318;0.09128071987930345;3.425208657038872;0.12601277199399058;1.059414855960558;0.06440264939859076;1.539554933184198;0.17837264955382048;4.5256387504212965;0.15917402778188283;3.0716049505848204;0.183;9.562;0.106;8.159;0.14206980111233844;4.001865441897798;2.7871162825097446;0.14137166941154067;
8;AA00;AAA;0.08203047484373349;1.4325662500369456;0.12461650859239512;3.6000906480887034;0.1038470904936626;5.024977449416874;0.09896016858807849;5.121843222902559;0.10733774899765128;3.0117401572414146;0.10175269539126942;0.9587093581204851;0.0736528944341607;1.428726525682558;0.11554079648202462;3.467445624937134;0.10943214410004444;3.498337952697434;0.228;4.767;0.207;5.45;0.0853466004225227;0.31834805556376566;0.2986258350162298;0.32358404331974866;
86;BB04;B12;0.07330382858376185;2.445031749118856;0.1663298777150596;3.5131732513393854;0.15795229730548682;3.7379716589962553;0.1408480706359424;5.493423820652152;0.14957471689591406;2.6647687019449426;0.11239920382843484;0.8047713180945854;0.07661995416255106;2.4431118869416624;0.1541125729510993;4.582187418185913;0.1514945790731078;4.408003558836879;0.231;4.648;0.211;5.121;0.11676252695842064;0.4988151002199793;2.6848399883428775;2.771059253391397;
88;AA03;AAA;0.08569566627292158;1.3973105991466603;0.15655603390389136;3.895574890451343;0.16545721308906244;4.602433237509047;0.14643312424232427;5.884552106024082;0.1778490507782222;2.7124161905243875;0.1478293876439197;0.4731587602156627;0.07644542123735164;1.4020229881270447;0.1514945790731078;3.3492868345771183;0.14748032179352083;3.5276594841309388;0.245;4.946;0.244;5.655;0.10489428804485919;0.2816961412718848;0.23282692221604356;0.2509783464367846;
89;AA04;AAA;0.10716321607245181;1.3994049942490536;0.1684242728174528;3.5243433585521498;0.1303760951239764;5.215741936659854;0.14067353771074298;4.5277331455236896;0.18448130193580062;3.05642058609247;0.17243853009703977;1.4901621153527584;0.1101302758008422;1.3905038150638824;0.14189526818713902;3.476521337047505;0.14189526818713902;3.3695326539002526;0.313;4.708;0.319;5.387;0.13962634015954636;0.3349286834577119;0.29408797896104455;0.35098571257605965;
901;OPS1;OPN;0.11484266478122689;2.554114827368502;0.2071705822117269;4.5949283217254715;0.2256710722828668;5.040161813909224;0.16964600329384882;4.941201645321147;0.187448361664191;3.2117548895199657;0.07836528341454539;0.9260717011081913;0.04136430327226561;1.4374531719425296;0.20158552860534507;1.0948450397760427;0.08883725892651137;3.3541737564827026;0.559;8.21;0.428;7.504;0.14032447186034408;1.6372933712958806;2.801602515301298;0.2092649773141201;
9031;AA10;AAw;0.05480333851262195;1.3786355761503208;0.12374384396639797;3.539004124268902;0.1392772743091475;5.468640145273833;0.2040289895581371;3.665540495038491;0.1668534764906579;2.6816983956892875;0.16388641676226756;2.500184153481877;0.048520153205442354;1.403244718603441;0.11833332328521554;3.466049361535539;0.12566370614359174;3.1974431896536113;0.272;4.801;0.23;5.351;0.12042771838760874;0.2309070600388498;0.2816961412718848;0.24801128670839426;
904;AA11;AAw;0.05881759579220891;1.4191272147965892;0.19041542139258136;4.547455366071225;0.19634954084936207;3.943396911955988;0.18884462506578648;1.5922638765944268;0.17610372152622786;4.4792129923182475;0.17819811662862106;3.3567917503606943;0.07400196028455958;1.4561281949388691;0.1733111947230369;3.3058281362024595;0.2075196480621258;3.12117230134146;0.249;4.605;0.275;5.041;0.14119713648634125;0.1832595714594046;0.23212879051524585;0.12252211349000193;
905;AAS1;SYN;0.0879645943005142;1.370607061591147;0.19024088846738194;3.861715502962653;0.1726130630222392;5.2578043716329175;0.17366026057343578;5.080653452555493;0.1343903524035634;2.9864328830874975;0.10890854532444616;1.0217157441174805;0.05742133239061344;1.4072589758830278;0.12496557444279399;0.2621484536495483;0.14049900478554353;3.41962360343249;0.26;4.367;0.266;5.294;0.2230530784048753;0.7822565707438585;0.3216641811425549;0.23963370629882144;
906;BB17;BBw;0.13456488532876282;2.2446679509899075;0.14224433403753786;2.526015026411393;0.12496557444279399;4.805589562441186;0.19931660057775244;4.015653542988554;0.14625859131712485;4.214446544790707;0.1466076571675237;1.383871563906304;0.1998401993533507;2.365793801078314;0.14416419621473162;4.2846087807208795;0.15760323145508795;4.70610579507751;0.216;4.609;0.245;5.242;0.10053096491487339;0.420449816805434;2.6382396973146287;2.600540585471551;
908;ZZ01;ZZZ;0.054105206811824215;1.4215706757493816;0.13316862192716736;3.6692056864676785;0.1492256510455152;0.8524188066740307;0.16563174601426187;2.8949776302829946;0.20141099568014562;2.609441764656722;0.15550883635269475;0.8536405371504265;0.07347836150896127;2.570695455262448;0.12810716709638378;3.6238271259158266;0.13526301702956053;3.937637325424407;0.193;4.612;0.178;6.019;0.11868238913561441;5.340532978177449;0.29949849964222697;2.8377308308175806;
96;BB07;BB2;0.08482300164692441;2.5083872009662502;0.18203784098300854;4.316897371882774;0.15027284859671175;2.9576349504295907;0.1439896632895322;5.174901232163187;0.1254891732183923;2.4593434489852095;0.10332349171806432;0.8049458510197847;0.09651670763528641;2.4633577062647967;0.1715658654710426;4.724257219298251;0.1898918226169831;4.544488306342835;0.223;4.955;0.191;5.202;0.17453292519943295;0.8030259888425909;2.666514031196937;2.889741642527011;
97;BB20;miB;0.05026548245743669;2.488839513343914;0.06998770300497262;5.136329455694113;0.10262536001726656;1.9113100638589904;0.1593485607070823;2.61921560846789;0.07609635538695277;3.4693654871143282;0.12409290981679683;0.9377654070965532;0.08028514559173915;2.6471408764997992;0.1181587903600161;4.562290664713177;0.046949356878647465;3.233047906394296;0.207;5.478;0.191;5.233;0.05480333851262195;4.827929776866714;2.676287875008105;3.2325243076186974;
971;OP08;OPN;0.03560471674068432;1.3938199406426717;0.13212142437597077;3.5395277230445004;0.09354964790689607;4.856902242449819;0.13177235852557187;4.4066072954352835;0.11903145498601327;1.4486232791552935;0.09634217471008698;2.920284904436912;0.04782202150464464;1.467472835076832;0.07976154681614087;3.5081117965086026;0.079412480965742;3.089930907730761;0.127;7.19;0.11;5.941;0.12793263417118436;5.549099823790771;0.18919369091618532;0.07766715171374766;
973;IC05;ICL;0.09965830028887622;2.4581217185088136;0.143116998663535;4.454603849865127;0.10733774899765128;3.034080371666943;0.17243853009703977;5.0387655505076285;0.14329153158873445;3.114190984333482;0.15027284859671175;0.8655087760639881;0.09634217471008698;2.565110401656066;0.13316862192716736;4.772951905428894;0.0804596785169386;4.806113161216786;0.104;7.261;0.115;7.114;0.11606439525762292;0.7958701389094144;2.562666940703274;3.1007519490931257;
991;IC03;ICL;0.08237954069413235;1.4217452086745808;0.17872171540421936;4.169591583014453;0.15603243512829304;4.477642195991453;0.1621410875102732;1.211433033809264;0.15969762655748115;3.1161108465106753;0.16126842288427604;5.259200635034513;0.10227629416686772;2.54852977376212;0.11885692206081383;3.511427922087391;0.17889624832941875;4.634547295745743;0.424;7.5;0.28;7.76;0.22968532956245377;6.28196357670319;0.3361504139341079;2.8979446900113848;
992;IC04;ICL;0.06597344572538565;1.4793410739903938;0.15498523757709648;3.5981707859115097;0.13055062804917586;5.006302426420534;0.1923352835697751;3.3873350122705945;0.16667894356545848;3.157649682708141;0.17278759594743864;3.2012829140079986;0.11501719770642631;2.6021113817983457;0.20088739690454732;3.6932912301452006;0.15917402778188283;4.266457356500139;0.212;6.967;0.26;7.199;0.14433872913993104;0.4307472593922005;0.28082347664588764;2.9475120407680233;
993;OP17;OPN;0.02129301687433082;2.534218073895766;0.12374384396639797;4.653222318742082;0.1356120828799594;5.1267301448081435;0.12985249634837814;5.078384524527901;0.19338248112097173;2.4033183799961915;0.13212142437597077;3.096563158888339;0.034033920413889425;1.4627604460964476;0.10524335389525807;4.082499653339936;0.10873401239924674;3.4014721792117486;0.328;10.107;0.329;7.875;0.19687313962496036;3.3272956860019898;2.8288296516324096;0.3661700770684103;
