clusterNumber;delta_1;epsilon_1;zeta_1;alpha_2;beta_2;gamma_2;delta_2;chi_1;chi_2;NN;CC;mu;nu0_1;nu1_1;nu2_1;nu3_1;nu4_1;nu0_2;nu1_2;nu2_2;nu3_2;nu4_2;
109;12.867174720879;15.565821608561;16.112800098616;16.340158627615;14.728878617754;15.124284755143;13.628331535353;14.639912236841;15.394478949026;0.406609311282;0.413858423801;9.29863433094;12.682651856764;7.196391700486;7.015163887516;12.339966537693;15.213251136055;16.488435929136;17.490131477189;16.033718871138;13.984197059004;10.725391476686;
110;7.110720370719;15.77340983069;16.208356581819;14.626732032261;13.37790764834;13.631626586498;7.572027531006;14.949647044463;10.003775275951;0.445490914792;0.45998913983;8.010269333279;8.336479396626;5.044723302859;3.881570248706;6.807575665387;8.969129216449;10.923094545381;10.521098305702;7.766435548556;6.003583186028;7.99049902641;
113;3.848619737256;10.554048817151;11.008765875149;13.404268057499;10.353050697311;10.359640799601;7.687354321078;7.726894934817;8.214562504264;0.16804760839;0.171013154421;7.04481934782;6.31990809594;5.453309644828;4.171534749458;3.753063254054;5.183115450945;4.481269557079;4.102338675415;5.604881997494;6.804280614242;6.293547686781;
114;10.702326118672;14.603666674247;12.224639747621;12.053297088086;12.966026255226;13.499824540702;6.263892226476;14.735468720043;7.927893054657;0.396065147618;0.29128252121;3.993601987632;9.875268281299;6.69554392646;4.197895158617;6.744969693633;9.740171184358;5.19300060438;3.604785952533;4.003487141067;5.426949235669;6.066189157782;
115;10.112511963733;14.29063681548;14.023737672743;15.447199767344;13.071467891863;13.265875909413;9.183307540868;15.124284755143;13.980902007859;0.476793900669;0.342355813956;14.287341764335;12.666176601039;7.219457058501;5.492850258567;10.76163703928;12.962731204081;9.832432616415;8.099235714192;5.509325514292;6.850411330271;9.259093717201;
116;9.094341159955;11.005470824004;12.873764823168;13.57231566589;17.042004521481;13.275761062848;7.845516776034;13.470169080397;13.720592967411;0.278102316631;0.270523698997;7.598387940165;9.786301900387;5.954157418855;3.561950287649;7.123900575298;10.247609060674;8.151956532511;6.646118159286;4.949166819657;5.710323634131;7.660993911919;
117;12.280655617084;12.738667726227;13.335071983456;12.05659213923;15.901916825342;11.334975938495;16.333568525325;14.597076571957;11.374516552234;0.216814365335;0.238561702892;7.749960292831;11.447007677422;5.693848378407;7.229342211935;12.043411934651;14.125884258235;13.667872149092;11.427237370552;12.363031895707;14.903516328434;15.546051301692;
119;8.151956532511;12.484948788069;13.36472744376;14.270866508611;9.670975110315;12.026936678926;10.537573561426;14.336767531509;15.542756250547;0.267887658081;0.245481310296;14.224735792582;10.705621169817;7.519306712688;4.83054497844;7.347964053152;10.616654788904;11.496433444596;9.081160955376;8.507822056161;10.603474584325;12.25100015678;
1209;10.867078675917;11.961035656028;14.722288515464;15.79977023985;14.761829129203;10.844013317903;5.370933366205;15.41095420475;15.766819728401;0.518311545095;0.49887074334;13.786493990309;9.324994740099;7.700534525658;6.679068670735;7.819156366875;9.46668193933;5.710323634131;5.720208787566;4.530695324253;3.545475031925;4.372532869297;
121;5.76304445245;5.38740862193;7.100835217284;7.384209615746;7.479766098949;6.000288134883;7.947663361526;7.25899767224;8.758245943174;0.124882438392;0.14597076572;3.308231349491;12.158738724723;12.201574389607;7.41386507605;3.677277077721;8.695639971421;4.84372518302;3.51581957162;4.685562728064;6.31331799365;6.524201266924;
122;6.158450589839;7.235932314225;11.341566040785;13.868870268932;13.37790764834;10.053201043124;6.11231987381;10.046610940835;9.27227392178;0.442195863647;0.401666734565;5.051313405149;7.193096649341;6.053008953202;4.791004364701;5.440129440249;6.820755869966;4.445023994485;4.023257447937;5.087558967743;6.010173288318;5.683963224972;
1221;4.046322805951;7.535781968412;10.652900351498;15.503215636808;11.31850068277;11.140567920945;4.955756921947;9.114111466825;15.025433220796;0.390134055557;0.386839004413;13.328481881166;6.422054681432;5.641127560088;3.924405913589;3.614671105968;5.384113570785;6.744969693633;6.1189099761;4.810774671571;4.573530989137;5.891551447101;
123;5.95086236771;8.399085368379;7.265587774529;6.573627034098;6.13868028297;6.665888466156;7.908122747787;11.542564160624;10.063086196559;0.161457506101;0.143664229918;9.476567092765;7.60168299131;5.420359133379;7.394094769181;9.407371018722;9.720400877488;6.197991203578;5.58840674177;5.967337623434;6.656003312721;6.543971573794;
124;9.64131965001;10.603474584325;13.18349963079;11.437122523987;15.990883206255;9.407371018722;8.461691340132;8.043219844728;9.970824764502;0.180239297627;0.227029023884;5.509325514292;8.448511135553;7.282063030254;9.275568972925;11.14386297209;11.084552051482;6.438529937157;5.987107930304;7.127195626443;7.677469167643;7.097540166139;
1241;5.983812879159;14.857385612405;12.893535130038;12.465178481199;15.24949669865;12.979206459806;9.163537233998;14.732173668898;13.084648096443;0.417812485175;0.370034243574;16.112800098616;5.529095821161;4.988707433396;5.057903507439;5.57522653719;5.812470219624;9.766531593517;7.321603643993;5.792699912754;7.680764218788;9.964234662212;
126;3.621261208258;10.527688407992;11.924790093434;9.545763166808;12.659586498749;8.287053629452;4.178124851748;6.715314233329;7.740075139397;0.238891208006;0.210883273274;5.977222776869;5.057903507439;6.020058441753;6.412169527997;5.683963224972;4.385713073877;6.062894106637;4.530695324253;5.506030463147;5.77622465703;5.898141549391;
1267;5.502735412002;11.13068276751;13.249400653688;13.76013358115;13.153844170486;11.865479172826;6.583512187533;13.562430512455;14.692633055159;0.488985589905;0.398042178305;13.335071983456;5.285262036438;3.436738344142;2.813973677754;4.438433892196;5.730093941001;6.87677173943;3.845324686111;3.756358305199;6.484660653185;8.086055509612;
127;7.941073259236;10.303624930138;9.931284150763;10.900029187367;11.796283098782;8.214562504264;11.262484813307;10.814357857599;7.749960292831;0.211871788618;0.215166839763;11.595284978943;6.735084540199;4.995297535686;6.922902455459;9.031735188202;9.133881773694;7.328193746283;7.598387940165;7.094245114994;6.945967813473;6.988803478357;
13;9.608369138561;14.827730152101;16.88713711767;10.138872372892;12.478358685779;8.468281442422;9.4864522462;12.583800322416;11.575514672073;0.206270201671;0.24284526938;9.430436376736;17.628523625275;16.972808447438;14.877155919275;10.544163663716;14.092933746786;16.323683371891;15.707508807792;13.700822660541;10.076266401139;14.86727076584;
13025;7.23263726308;16.837711350497;14.027032723887;15.305512568113;13.522889898716;14.620141929971;6.567036931808;13.460283926963;13.93477129183;0.438241802273;0.399030693649;12.303720975099;7.328193746283;5.305032343307;5.21277091125;7.150260984458;8.175021890525;7.924598003512;8.059695100453;6.217761510448;4.586711193717;5.838830628783;
1313;6.293547686781;14.718993464319;13.822739552903;14.952942095607;15.684443449778;16.109505047471;4.962347024236;15.658083040619;9.489747297345;0.369704738459;0.300179159301;14.455389372726;7.450110638644;5.515915616582;3.924405913589;5.133689683772;7.229342211935;9.558943371388;9.338174944679;7.028344092096;5.225951115829;7.120605524153;
1500;6.020058441753;15.549346352836;16.5444517986;15.394478949026;13.173614477355;11.937970298014;8.54077256761;10.619949840049;13.397677955209;0.478111921127;0.425720607923;13.433923517803;6.945967813473;4.84372518302;3.120413434231;4.771234057832;6.787805358517;7.025049040951;6.679068670735;6.240826868462;6.774625153938;7.176621393617;
1502;4.932691563932;14.969417351332;15.79977023985;14.148949616249;16.139160507776;11.680956308711;4.178124851748;16.257782348992;12.000576269767;0.462295675631;0.302485695103;11.351451194219;5.739979094435;4.356057613573;3.001791593014;4.07268321511;5.641127560088;5.924501958551;5.044723302859;4.197895158617;4.369237818152;5.509325514292;
1503;4.458204199065;13.954541598699;12.020346576636;12.08954265068;9.499632450779;7.318308592848;3.374132372389;13.714002865121;7.107425319574;0.405950301053;0.454387552883;11.259189762162;5.097444121178;4.527400273108;4.748168699817;5.604881997494;5.967337623434;5.713618685276;4.606481500586;3.36095216781;3.907930657865;5.519210667726;
1507;4.405483380746;14.366422991813;9.608369138561;12.903420283473;11.779807843058;6.800985563097;9.568828524822;6.965738120342;15.325282874982;0.320278971285;0.387498014642;12.873764823168;7.390799718036;6.329793249375;5.0183628937;4.81736477386;6.567036931808;5.93768216313;3.874980146416;4.688857779209;6.649413210431;7.371029411167;
1508;5.117214428047;13.022042124689;12.560734964402;13.262580858268;6.165040692129;9.206372898882;5.357753161626;4.63613696089;10.306919981283;0.2524009177;0.159480475414;3.206084763999;5.285262036438;6.824050921111;6.402284374563;4.197895158617;2.906235109812;3.588310696808;2.184618909076;3.706932538025;5.20618080896;5.222656064684;
1512;11.618350336957;14.231325894872;13.826034604048;15.964522797095;11.203173892698;8.432035879828;6.560446829518;13.555840410165;12.132378315563;0.420448526091;0.369375233345;9.051505495071;11.054896591177;7.693944423368;7.202981802776;10.138872372892;12.25100015678;7.878467287483;6.204581305868;4.375827920442;5.20618080896;7.456700740934;
1513;13.368022494905;12.942960897212;14.547650804783;13.984197059004;15.134169908578;12.939665846067;4.840430131875;14.237915997162;15.068268885679;0.442854873876;0.409904362427;12.979206459806;7.60168299131;3.88486529985;7.288653132544;10.76163703928;11.133977818655;7.028344092096;6.563741880663;5.21936101354;4.599891398296;5.819060321913;
1516;5.318212547887;14.076458491061;13.608561228484;13.354842290326;9.031735188202;9.114111466825;5.357753161626;10.273969469833;12.333376435403;0.445820419906;0.329175609377;11.219649148423;6.49454580662;5.301737292162;3.133593638811;3.430148241853;5.634537457798;6.497840857765;5.077673814308;3.756358305199;4.438433892196;6.165040692129;
1517;4.896446001338;13.199974886515;9.773121695807;14.181900127698;15.107809499418;16.122685252051;4.820659825005;14.092933746786;9.100931262245;0.459000624486;0.226040508541;13.00227181782;11.117502562931;9.776416746952;4.767939006687;4.415368534181;9.723695928633;6.425349732577;5.700438480697;3.960651476183;3.367542270099;5.222656064684;
1520;8.942768807289;12.465178481199;6.975623273777;13.7271830697;13.312006625442;11.934675246869;1.838638538861;13.75354347886;12.115903059839;0.496893712653;0.493269156393;13.348252188036;9.670975110315;7.341373950862;6.171630794419;7.394094769181;9.65449985459;7.067884705835;6.830641023401;5.377523468495;4.26709123266;5.644422611233;
1522;9.789596951531;13.967721803279;12.751847930807;15.440609665054;13.720592967411;12.260885310215;5.407178928799;9.858793025575;6.632937954706;0.257343494418;0.231971600602;11.842413814811;6.48795570433;3.71681769146;3.337886809795;5.894846498246;7.377619513456;9.888448485879;8.188202095105;5.57522653719;5.789404861609;8.731885534015;
1526;3.463098753302;13.143959017051;8.794491505768;13.450398773528;8.820851914928;13.114303556747;5.987107930304;13.621741433063;13.045107482704;0.292271036554;0.21351931419;14.600371623102;4.609776551731;3.34777196323;3.585015645663;4.632841909745;5.361048212771;6.109024822666;6.764740000503;6.777920205083;5.914616805116;5.367638315061;
19;7.539077019557;13.041812431559;11.196583790409;14.682747901725;14.040212928467;11.081257000337;7.832336571454;10.745161783556;8.34636455006;0.430004174411;0.383543953268;9.519402757649;7.166736240182;6.992098529502;6.372628914258;6.286957584491;6.616462698982;9.888448485879;9.275568972925;7.384209615746;6.534086420359;8.273873424872;
201;8.043219844728;11.315205631625;11.977510911753;14.277456610901;8.73518058516;13.720592967411;11.740267229319;15.302217516968;12.880354925458;0.337083732124;0.171342659535;13.971016854424;6.310022942505;3.977126731908;4.978822279961;7.23263726308;7.941073259236;6.029943595188;5.321507599032;6.029943595188;7.25899767224;7.130490677588;
207;7.43363538292;11.021946079728;10.23113380495;14.982597555912;8.866982630956;12.25759025907;6.550561676084;13.400973006354;11.542564160624;0.413199413572;0.347957400903;9.469976990475;10.099331759153;6.619757750127;4.253911028081;7.351259104297;10.488147794253;5.924501958551;4.873380643324;6.359448709679;8.250808066858;8.076170356178;
209;14.722288515464;14.887041072709;11.591989927798;16.043604024573;10.636425095774;10.086151554574;15.977703001675;14.643207287986;15.546051301692;0.305780746248;0.290294005867;10.422246771354;13.608561228484;10.297034827848;10.778112295005;14.699223157449;14.606961725392;12.933075743777;11.769922689623;12.616750833865;14.31040712235;14.300521968915;
210;13.470169080397;14.68604295287;13.93477129183;15.463675023069;14.409258656697;12.44540817433;13.012156971255;15.661378091763;14.412553707842;0.331482145178;0.329505114491;9.993890122516;14.666272646;15.694328603213;15.22972639178;14.600371623102;11.911609888854;9.216258052317;7.572027531006;11.374516552234;12.956141101791;13.608561228484;
211;14.10940900251;12.102722855259;13.351547239181;15.77999993298;16.333568525325;15.02872827194;11.453597779712;14.564126060508;13.536070103296;0.312370848538;0.322585507087;7.42704528063;13.710707813976;7.137080779878;5.667487969247;11.944560400303;15.743754370386;12.824339055995;9.153652080564;8.385905163799;11.361336347654;13.92818118954;
2141;11.516203751465;10.659490453788;15.829425700154;14.933171788738;13.714002865121;13.331776932311;10.570524072875;13.456988875818;9.572123575967;0.273489245028;0.335765711666;6.230941715027;9.028440137057;5.58840674177;6.273777379911;9.476567092765;10.985700517134;14.47186462845;13.964426752134;12.725487521647;9.308519484374;11.585399825508;
2144;9.990595071371;14.870565816985;14.412553707842;12.290540770519;14.86068066355;14.435619065856;13.341662085746;12.778208339966;15.747049421531;0.343673834414;0.377612861207;14.320292275785;12.135673366708;7.384209615746;3.89145540214;8.441921033263;12.293835821664;13.532775052151;8.119006021061;7.4468155875;12.939665846067;14.725583566609;
2146;10.353050697311;12.102722855259;14.270866508611;14.564126060508;10.438722027079;12.83422420943;14.247801150596;14.10281890022;12.669471652184;0.274148255257;0.291612026325;5.440129440249;5.288557087583;4.530695324253;5.753159299015;7.529191866122;7.130490677588;9.051505495071;11.588694876653;14.712403362029;14.590486469667;13.19667983537;
216;14.063278286481;15.374708642156;14.1159991048;14.992482709346;14.270866508611;11.914904939999;14.254391252886;15.374708642156;13.796379143744;0.391122570901;0.372340779375;14.033622826177;12.900125232328;7.858696980613;8.240922913423;12.738667726227;14.218145690292;15.015548067361;16.297322962731;17.210052129872;14.195080332278;12.25100015678;
2171;13.167024375066;15.2165461872;15.447199767344;13.526184949861;14.936466839883;10.511213152267;10.501327998832;14.593781520812;16.574107258904;0.387498014642;0.279749842203;11.872069275115;16.369814087919;14.656387492565;11.483253240016;11.812758354507;16.379699241354;9.937874253053;7.62804340047;6.263892226476;7.904827696642;9.967529713357;
21712;15.219841238345;13.967721803279;13.279056113993;16.386289343644;14.1159991048;15.532871097112;14.972712402477;13.710707813976;12.129083264419;0.335106701437;0.216484860221;7.588502786731;16.188586274949;12.956141101791;13.130778812472;14.557535958218;14.870565816985;13.368022494905;9.713810775199;8.609968641653;11.585399825508;14.040212928467;
218;11.153748125525;15.753639523821;15.374708642156;15.79977023985;14.396078452117;15.045203527665;13.756838530005;16.323683371891;15.051793629955;0.392111086244;0.392770096473;12.115903059839;13.779903888019;8.586903283639;5.660897866958;11.341566040785;15.747049421531;12.580505271271;10.105921861443;9.825842514126;12.241115003345;13.704117711686;
219;10.504623049977;15.503215636808;14.949647044463;16.333568525325;15.008957965071;13.466874029253;11.32509078506;14.705813259739;15.776704881835;0.452410522196;0.459000624486;13.074762943008;13.898525729236;9.562238422533;4.810774671571;8.188202095105;13.229630346819;8.649509255392;9.147061978274;8.893343040116;8.036629742439;7.838926673744;
2191;15.394478949026;12.405867560591;15.98099805282;16.135865456631;16.491730980281;13.990787161293;12.985796562095;15.282447210099;13.681052353672;0.277772811516;0.31698392014;7.937778208091;13.964426752134;7.743370190542;9.324994740099;14.610256776537;15.941457439081;13.489939387267;14.033622826177;14.228030843727;11.664481052986;8.567132976769;
220;13.078057994153;16.030423819993;14.363127940668;13.865575217787;15.892031671907;11.199878841554;14.063278286481;14.49822503761;12.718897419358;0.34993443159;0.335765711666;9.268978870636;14.300521968915;10.323395237007;5.077673814308;9.156947131709;14.059983235337;13.891935626946;12.705717214778;9.275568972925;9.087751057665;12.603570629286;
221;9.720400877488;12.376212100287;12.053297088086;16.020538666559;15.364823488721;13.480054233832;10.577114175165;14.270866508611;13.694232558251;0.461307160288;0.44977448128;7.746665241686;13.0154520224;11.779807843058;7.81586131573;8.504527005016;12.99568171553;10.728686527831;9.133881773694;6.567036931808;7.011868836371;9.634729547721;
325;15.915097029922;9.331584842389;8.685754817986;13.272466011703;7.763140497411;11.114207511786;11.404172012538;12.307016026244;13.667872149092;0.16508206236;0.15552641404;7.387504666891;15.427429460475;6.33308830052;10.550753766006;17.018939163467;17.018939163467;8.830737068362;13.404268057499;14.083048593351;13.522889898716;9.09104610881;
326;6.039828748622;6.593397340968;9.331584842389;8.90981829584;9.357945251548;5.782814759319;5.285262036438;11.239419455292;7.390799718036;0.274477760371;0.276125285944;10.745161783556;6.122205027245;4.418663585326;4.339582357848;5.687258276117;6.866886585995;16.214946684109;17.994274302361;13.94136139412;5.76304445245;8.36613485693;
35;10.079561452284;8.642919153102;9.960939611067;10.939569801106;15.878851467328;12.870469772024;11.087847102627;11.367926449944;10.702326118672;0.280079347317;0.313029858767;6.557151778373;9.549058217953;5.917911856261;7.463290843224;10.409066566775;11.601875081233;17.730670210768;17.717490006188;15.114399601708;14.251096201741;13.882050473511;
41;5.479670053987;11.621645388102;12.142263468998;11.746857331609;11.769922689623;10.689145914092;6.254007073042;13.351547239181;12.63322608959;0.323903527545;0.363114636169;9.529287911083;16.158930814645;17.720785057333;13.084648096443;5.677373122682;10.082856503429;7.848811827179;6.283662533346;4.606481500586;5.324802650177;7.123900575298;
410;11.53267900719;13.223040244529;9.450206683606;14.366422991813;14.432324014712;14.468569577306;14.046803030757;14.376308145248;13.974311905569;0.420778031205;0.43362873067;9.815957360691;11.110912460641;12.916600488052;13.400973006354;11.941265349159;10.010365378241;13.638216688788;9.025145085912;8.115710969917;12.026936678926;13.812854399468;
50;14.514700293334;11.957740604883;9.163537233998;12.537669606387;9.061390648506;10.824243011034;6.603282494402;11.954445553738;9.532582962228;0.275466275715;0.246799330754;6.168335743274;12.580505271271;7.509421559253;9.85549797443;14.531175549059;15.513100790242;8.329889294336;8.405675470669;8.422150726393;8.405675470669;8.320004140901;
54;9.558943371388;14.811254896376;16.640008281802;14.923286635303;15.908506927632;9.812662309546;8.247513015713;14.616846878827;16.17540607037;0.394417622046;0.393099601588;9.624844394286;10.728686527831;6.978918324922;5.229246166974;8.504527005016;11.394286859103;10.5869993286;8.247513015713;5.74986424787;7.166736240182;9.911513843893;
552;7.42045517834;14.412553707842;11.766627638478;15.710803858937;9.964234662212;15.674558296343;5.822355373058;14.936466839883;12.020346576636;0.3888160351;0.393099601588;13.878755422366;9.4864522462;7.100835217284;5.403883877655;6.969033171487;9.387600711852;6.534086420359;6.448415090591;5.987107930304;5.716913736421;6.069484208927;
55412029;5.262196678423;15.664673142908;14.662977594855;16.152340712355;16.14904566121;11.69413651329;6.224351612737;14.620141929971;15.588886966575;0.497552722882;0.523913132041;15.944752490226;5.285262036438;3.792603867793;3.377427423534;4.603186449441;5.657602815813;4.573530989137;3.660801821996;4.237435772356;5.222656064684;5.426949235669;
5542;6.768035051648;14.65968254371;11.822643507942;14.943056942173;7.07117975698;11.598580030088;6.036533697478;14.817844998666;7.921302952367;0.382884943039;0.270194193883;16.004063410834;6.817460818821;7.110720370719;6.774625153938;6.412169527997;6.375923965403;3.977126731908;3.930996015879;4.995297535686;5.489555207422;4.968937126526;
5548;6.234236766172;15.77340983069;15.157235266592;14.67945285058;15.42413440933;11.397581910248;5.37422841735;14.636617185696;12.099427804114;0.426709123266;0.34993443159;14.778304384927;6.471480448606;6.310022942505;5.651012713523;5.232541218119;5.786109810464;8.217857555409;7.98390892412;6.395694272273;5.354458110481;6.603282494402;
5549;4.718513239513;14.65968254371;14.946351993318;16.551041900889;14.814549947521;14.577306265088;7.074474808125;13.424038364369;14.900221277289;0.382884943039;0.310393817851;12.448703225475;7.875172236338;6.1189099761;4.046322805951;4.781119211266;7.153556035602;8.37272495922;5.153459990641;3.440033395287;6.356153658534;9.011964881332;
556;5.298442241017;14.807959845231;13.938066342975;14.616846878827;12.788093493401;12.475063634634;4.764643955542;14.712403362029;7.512716610398;0.387498014642;0.44680893525;16.926677731409;7.779615753136;7.143670882168;5.881666293667;5.766339503595;7.04481934782;8.682459766841;8.497936902726;5.970632674579;3.693752333446;6.122205027245;
55712229;4.181419902892;11.977510911753;10.57381912402;14.890336123854;12.910010385762;11.120797614076;4.540580477688;9.348060098113;11.654595899551;0.390463560672;0.33675422701;8.751655840884;6.151860487549;4.303336795254;3.591605747953;4.879970745614;6.458300244026;5.901436600536;5.364343263916;4.83054497844;4.968937126526;5.604881997494;
560;10.010365378241;10.082856503429;13.664577097947;15.285742261244;12.494833941504;8.382610112654;6.761444949358;12.672766703329;11.410762114828;0.473169344409;0.324562537774;11.321795733915;9.759941491227;7.067884705835;5.318212547887;7.150260984458;9.901628690458;5.805880117334;5.268786780713;6.609872596692;7.575322582151;7.328193746283;
615;4.356057613573;13.987492110148;14.718993464319;15.994178257399;15.522985943677;10.886848982787;4.590006244861;14.590486469667;14.583896367377;0.466249737005;0.439889327846;16.600467668063;7.80268111115;6.718609284474;4.968937126526;4.84372518302;6.86359153485;8.55395277219;8.023449537859;5.733388992146;4.626251807455;6.824050921111;
616;8.211267453119;14.560831009363;13.885345524656;14.376308145248;14.952942095608;11.49972849574;13.229630346819;15.849196007023;16.867366810801;0.486679054103;0.457023593799;12.191689236172;8.56054287448;7.410570024906;7.034934194386;8.039924793584;8.850507375232;11.209763994988;8.778016250044;10.857193522483;12.247705105635;12.99568171553;
6162;5.822355373058;15.776704881835;14.807959845231;16.165520916935;15.954637643661;14.033622826177;10.534278510281;10.415656669065;16.089734740602;0.41089287777;0.431322194869;14.887041072709;5.496145309712;5.77622465703;5.196295655525;4.718513239513;4.781119211266;10.20477339579;7.005278734081;5.973927725724;8.514412158451;10.847308369048;
6181193;5.815765270768;14.534470600204;14.666272646;16.251192246703;12.715602368213;15.074858987969;9.944464355342;15.80636034214;13.054992636139;0.345321359987;0.266569637623;14.817844998666;4.767939006687;3.782718714358;4.25391102808;5.21277091125;5.55545623032;5.077673814308;4.052912908241;5.618062202074;7.298538285979;7.074474808125;
6651126;5.038133200569;16.640008281802;13.770018734584;14.840910356681;12.926485641487;11.87536432626;7.654403809629;12.880354925458;10.280559572123;0.357513049223;0.272830234799;15.150645164302;6.698838977605;6.382514067693;5.067788660874;4.44172894334;5.608177048639;7.651108758484;7.483061150094;8.013564384424;8.577018130204;8.501231953871;
702;4.982117331106;12.728782572792;14.10940900251;14.445504219291;11.005470824004;12.590390424706;4.715218188368;10.725391476686;10.171822884341;0.333459175865;0.313029858767;9.163537233998;11.33168088735;10.606769635469;7.354554155442;5.285262036438;8.501231953871;11.53267900719;11.542564160624;7.753255343976;4.234140721211;8.257398169148;
705;2.41527248922;11.433827472842;12.979206459806;14.050098081902;14.096228797931;12.682651856764;5.802585066189;6.705429079895;9.348060098113;0.423084567007;0.430004174411;13.611856279629;7.6082730936;5.077673814308;2.04622676099;4.382418022732;7.456700740934;6.359448709679;6.11231987381;4.919511359353;4.263796181515;5.249016473844;
7052;3.568540389939;15.697623654357;15.298922465823;13.199974886515;15.898621774197;13.93477129183;3.647621617417;13.592085972759;15.440609665054;0.479759446699;0.468556272806;14.844205407825;4.850315285309;4.560350784557;4.181419902892;4.174829800603;4.533990375398;8.481461647002;8.300233834032;5.713618685276;3.295051144911;5.782814759319;
72512018;9.410666069867;13.130778812472;15.114399601708;16.086439689457;13.605266177339;13.588790921614;5.538980974596;16.198471428384;10.656195402643;0.497882227996;0.392440591359;14.343357633799;9.960939611067;8.771426147754;8.132186225641;8.92299850042;10.109216912588;6.283662533346;4.678972625774;3.561950287649;4.711923137223;6.270482328766;
726120109;10.96263515912;14.735468720043;13.901820780381;15.025433220796;13.282351165137;13.704117711686;4.029847550227;16.040308973428;13.832624706338;0.496234702424;0.509414907003;14.366422991813;3.868390044126;5.990402981449;7.931188105802;8.283758578307;6.161745640984;6.247416970752;5.759749401305;4.148469391443;3.16654415026;4.942576717367;
727;8.626443897378;12.778208339966;14.438914117001;11.69413651329;9.334879893534;11.028536182018;5.127099581482;9.707220672909;11.311910580481;0.32719857869;0.274148255257;12.135673366708;7.855401929469;6.850411330271;8.059695100453;9.572123575967;9.595188933982;6.827345972256;5.19959070667;4.023257447937;5.166640195221;6.797690511952;
728;9.236028359186;13.601971126194;15.529576045967;10.758341988135;10.583704277455;12.540964657532;7.588502786731;16.046899075718;10.926389596526;0.416823969831;0.393429106702;16.379699241354;12.24441005449;9.469976990475;5.469784900553;6.913017302024;11.117502562931;6.372628914258;7.008573785226;6.570331982953;5.720208787566;5.298442241017;
73112148;7.881762338628;14.613551827682;14.814549947521;16.511501287151;15.638312733749;13.595381023904;5.275376883003;14.794779640652;13.143959017051;0.277443306402;0.254048443273;13.312006625442;7.100835217284;4.402188329602;4.07268321511;6.560446829518;8.105825816482;5.506030463147;4.181419902892;4.692152830354;6.029943595188;6.451710141736;
73112149;11.028536182018;15.124284755143;15.275857107809;15.361528437576;8.616558743943;11.89513463313;6.072779260072;16.178701121514;13.605266177339;0.301167674645;0.174308205566;13.1769095285;7.519306712688;4.359352664718;5.281966985293;8.240922913423;9.308519484374;9.522697808794;7.008573785226;4.922806410497;6.573627034098;9.196487745447;
8;7.736780088252;11.756742485044;9.802777156111;9.344765046968;10.128987219457;9.598483985127;6.955852966908;10.906619289656;10.329985339297;0.374976820291;0.341037793498;8.056400049308;9.83572766756;9.417256172157;7.80927121344;6.965738120342;8.412265572959;8.376020010365;9.199782796592;7.9970891287;6.095844618086;6.30013778907;
86;6.919607404314;15.694328603213;14.910106430724;13.302121472007;14.112704053655;10.613359737759;7.229342211935;14.541060702494;14.307112071205;0.380248902123;0.348286906017;11.015355977438;7.321603643993;5.884961344812;4.899741052483;5.888256395956;7.291948183689;9.6479097523;7.79609100886;5.163345144076;5.93768216313;8.73518058516;
88;8.089350560757;14.775009333782;15.621837478024;13.265875909413;14.989187658202;13.961131700989;7.209571905066;14.300521968915;13.91500098496;0.403973270366;0.402325744794;9.904923741603;11.097732256061;9.990595071371;7.453405689789;6.69554392646;9.354650200403;10.000480224806;9.209667950027;7.163441189037;6.1189099761;8.273873424872;
89;10.115807014878;15.892031671907;12.303720975099;13.285646216282;17.160626362698;15.493330483373;10.38600120876;13.387792801775;13.397677955209;0.516005009293;0.519959070667;13.173614477355;12.593685475851;11.997281218622;9.707220672909;8.73518058516;10.652900351498;11.931380195724;11.997281218622;9.779711798097;8.287053629452;10.402476464485;
901;10.837423215613;14.817844998666;15.579001813141;15.127579806288;16.369814087919;7.400684871471;3.89804550443;15.542756250547;8.379315061509;0.545330964483;0.487338064332;13.246105602543;7.674174116498;3.1401837411;4.359352664718;8.349659601205;9.819252411836;5.710323634131;4.81736477386;3.265395684607;3.235740224303;4.870085592179;
9031;5.166640195221;11.671071155276;13.150549119341;17.160626362698;14.382898247538;15.473560176503;4.573530989137;11.173518432394;11.855594019391;0.448126955708;0.378271871436;11.371221501089;5.973927725724;5.232541218119;4.290156590675;4.44831904563;5.529095821161;7.868582134048;6.662593415011;4.300041744109;3.947471271604;6.543971573794;
904;5.545571076886;15.865671262748;15.829425700154;16.254487297847;15.704213756647;14.046803030757;6.982213376067;15.193480829186;15.463675023069;0.410233867541;0.44021883296;13.335071983456;9.252503614911;7.291948183689;4.385713073877;4.827249927295;8.089350560757;7.212866956211;5.113919376902;4.188010005182;5.670783020392;7.43363538292;
905;8.310118987466;16.33027347418;14.943056942173;15.552641403981;12.685946907909;10.287149674413;5.420359133379;11.796283098782;13.255990755978;0.425720607923;0.438571307388;16.284142758152;11.358041296509;8.669279562262;5.146869888351;6.567036931808;10.349755646166;4.840430131875;5.413769031089;5.183115450945;4.734988495238;4.283566488385;
906;12.425637867461;13.424038364369;11.799578149927;16.020538666559;13.796379143744;12.616750833865;14.448799270436;13.608561228484;14.056688184192;0.355206513421;0.402984755023;9.489747297345;15.015548067361;13.496529489557;8.300233834032;12.969321306371;14.807959845231;10.94286485225;9.282159075215;11.216354097278;12.923190590342;13.707412762831;
908;5.113919376902;12.567325066692;14.083048593351;15.631722631459;16.873956913091;14.682747901725;6.932787608893;12.08295254839;12.758438033097;0.318301940598;0.292930046783;11.206468943843;5.097444121178;4.560350784557;4.237435772356;4.540580477688;5.077673814308;6.596692392112;5.397293775365;4.385713073877;5.189705553235;6.464890346316;
96;8.013564384424;15.572411710851;14.181900127698;13.598676075049;11.849003917101;9.753351388937;9.11081641568;16.195176377239;16.811350941337;0.367068697543;0.314677384339;16.445600264252;8.026744589004;5.272081831858;5.136984734917;7.578617633296;8.962539114159;10.570524072875;7.769730599701;5.832240526493;7.812566264585;10.590294379745;
97;4.738283546382;6.606577545547;9.687450366039;13.697527609396;7.186506547052;11.72049692245;7.585207735586;11.15045307438;4.438433892196;0.341367298613;0.315006889454;5.176525348656;4.702037983788;2.560254739596;2.619565660204;4.550465631123;5.450014593683;6.656003312721;4.174829800603;3.736587998329;5.377523468495;7.262292723385;
971;3.357657116665;12.478358685779;8.824146966072;12.435523020895;11.236124404148;9.094341159955;4.517515119673;7.532486917267;7.502831456963;0.208576737473;0.18122781297;12.06977234381;3.568540389939;3.512524520475;3.252215480027;2.97213613271;3.196199610564;8.830737068362;7.519306712688;4.99859258683;4.639432012035;7.364439308877;
973;9.413961121012;13.420743313224;10.122397117168;14.761829129203;13.529480001006;14.178605076553;9.100931262245;12.564030015547;7.598387940165;0.172001669764;0.190124451061;10.959340107975;11.924790093434;8.504527005016;6.000288134883;8.764836045464;12.241115003345;10.672670658368;10.0367257874;8.820851914928;7.812566264585;9.10422631339;
991;7.782910804281;15.289037312388;14.020442621598;13.677757302527;12.369621997997;14.554240907073;9.66108995688;11.216354097278;14.419143810132;0.46954478815;0.423414072121;15.509805739098;8.095940663047;6.804280614242;5.492850258567;6.076074311216;7.657698860774;13.35813734147;11.849003917101;7.469880945514;6.234236766172;10.649605300353;
992;6.217761510448;14.214850639147;12.323491281968;15.163825368882;14.722288515464;13.799674194889;10.863783624773;14.363127940668;14.976007453622;0.34993443159;0.428686153953;13.625036484208;12.382802202577;12.900125232328;9.245913512621;5.163345144076;8.175021890525;12.402572509446;10.946159903395;7.4468155875;7.865287082903;10.867078675917;
993;2.006686147251;11.687546411;12.63322608959;12.247705105635;14.366422991813;12.471768583489;3.215969917433;9.937874253052;10.267379367544;0.452081017082;0.425061597694;12.343261588838;3.202789712854;3.278575889187;3.222560019723;3.107233229651;3.120413434231;7.492946303528;4.125404033429;3.397197730404;6.438529937157;8.376020010365;
